PostCode	Area Covered	Population	Households	# Postcodes	Active Postcodes	Non-Geographic Postcodes 	Center Latitude 	Center Longitude
AB 	Aberdeen 	499692	218798	38529	16951	1	57.301	-2.3079
AL 	St Albans 	249911	99209	11219	7724	0	51.7755	-0.283982
B 	Birmingham 	1904293	750842	60537	41598	0	52.4652	-1.88885
BA 	Bath 	434539	183530	19611	15004	0	51.2295	-2.41734
BB 	Blackburn 	488564	202015	18602	13127	0	53.7872	-2.33378
BD 	Bradford 	578374	223952	23103	16974	12	53.8287	-1.82855
BH 	Bournemouth 	552110	242907	21928	15167	0	50.7504	-1.89085
BL 	Bolton 	379929	159979	13792	10317	0	53.5868	-2.40784
BN 	Brighton 	802838	356367	34463	22041	2	50.8289	-0.119799
BR 	Bromley 	299157	124954	10467	6882	0	51.3945	0.0424686
BS 	Bristol 	940076	398197	44759	26647	0	51.4488	-2.62256
BT 	Northern Ireland 	1787720	693967	61089	48912	865	54.6036	-6.38079
CA 	Carlisle 	318114	140587	16010	12531	0	54.7318	-3.10891
CB 	Cambridge 	421151	167640	18826	10345	0	52.2066	0.189069
CF 	Cardiff 	1005305	419896	41945	23237	0	51.5344	-3.2935
CH 	Chester 	659880	285880	23935	18720	0	53.2905	-3.0202
CM 	Chelmsford 	653626	270044	26704	17666	0	51.7579	0.404212
CO 	Colchester 	411411	176939	17650	13034	0	51.9031	0.924467
CR 	Croydon 	405236	158695	14403	8008	0	51.356	-0.103153
CT 	Canterbury 	482627	206290	19429	14752	0	51.2558	1.23156
CV 	Coventry 	821033	341504	27597	20019	0	52.3677	-1.50131
CW 	Crewe 	309487	130803	13676	9370	0	53.1552	-2.45016
DA 	Dartford 	430139	173329	12599	8981	0	51.4422	0.220213
DD 	Dundee 	280568	128312	11165	8915	0	56.5369	-2.86446
DE 	Derby 	730125	306586	29575	16969	0	52.9334	-1.49102
DG 	Dumfries and Galloway 	151139	67885	7676	6817	0	55.0226	-3.88089
DH 	Durham 	309030	132814	11324	8931	0	54.825	-1.61407
DL 	Darlington 	360734	156814	16482	13225	0	54.533	-1.66003
DN 	Doncaster 	756058	320303	27448	21528	0	53.5411	-0.719936
DT 	Dorchester 	212796	93053	9643	7773	0	50.7547	-2.48319
DY 	Dudley 	410847	171692	14321	10983	0	52.4536	-2.17686
E 	East London 	989043	370613	27590	16353	0	51.5435	-0.0158034
EC 	Central London 	33956	17102	12454	3890	0	51.5187	-0.0967216
EH 	Edinburgh 	868113	389353	31808	24243	2	55.9266	-3.22792
EN 	Enfield 	344780	137907	12869	8546	61	51.6816	-0.0863301
EX 	Exeter 	547401	235895	28131	22109	0	50.8267	-3.65588
FK 	Falkirk and Stirling 	276371	119790	9515	7693	0	56.0772	-3.85933
FY 	Blackpool 	276593	125986	9920	7257	0	53.825	-3.02281
G 	Glasgow 	1183614	540601	46238	31610	0	55.8688	-4.26843
GL 	Gloucester 	605458	257602	28127	20825	0	51.8369	-2.17619
GU 	Guildford 	726120	288537	34982	22029	0	51.2318	-0.7172
HA 	Harrow 	480678	169132	17226	10294	0	51.5853	-0.336104
HD 	Huddersfield 	262843	111694	10618	7097	0	53.6302	-1.78275
HG 	Harrogate 	138214	59455	6239	4395	0	54.0372	-1.54629
HP 	Hemel Hempstead 	488592	195951	21390	13853	0	51.7242	-0.691019
HR 	Hereford 	176308	75400	7800	6323	0	52.0657	-2.71942
HS 	Outer Hebrides 	27663	12565	1080	962	0	57.9787	-6.69422
HU 	Hull 	443219	191836	15035	10874	0	53.768	-0.353245
HX 	Halifax 	160137	68980	7309	5654	0	53.7203	-1.89277
IG 	Ilford 	335693	119754	9832	5924	0	51.5841	0.071667
IP 	Ipswich 	595883	252895	26486	20871	0	52.1945	1.08445
IV 	Inverness 	228056	98990	10564	7254	1	57.5869	-4.11842
KA 	Kilmarnock 	370877	166467	14008	11584	1	55.5637	-4.60627
KT 	Kingston upon Thames 	529633	214274	22073	14272	0	51.36	-0.342988
KW 	Kirkwall 	53132	24290	2089	1828	0	58.6544	-3.28241
KY 	Kirkcaldy 	363956	160089	12996	10026	0	56.1625	-3.21237
L 	Liverpool 	856675	370680	42841	20467	0	53.4157	-2.96336
LA 	Lancaster 	328926	143213	14544	11782	0	54.1711	-2.90483
LD 	Llandrindod Wells 	50225	22291	2631	2209	0	52.1291	-3.34107
LE 	Leicester 	985352	391460	33974	22149	0	52.6442	-1.14834
LL 	Llandudno 	537252	232655	24144	20107	0	53.1332	-3.71616
LN 	Lincoln 	293141	126372	11763	9079	0	53.2565	-0.356359
LS 	Leeds 	774677	330676	31350	21503	0	53.8227	-1.55349
LU 	Luton 	336095	129149	10182	6206	0	51.8965	-0.509508
M 	Manchester 	1167414	492884	57971	31613	0	53.4787	-2.27176
ME 	Rochester 	606891	245786	21643	16188	0	51.3339	0.584434
MK 	Milton Keynes 	508035	202926	22264	15214	0	52.0624	-0.666126
ML 	Motherwell 	382997	168005	11574	9589	0	55.7766	-3.94396
N 	North London 	847197	344938	28816	17586	47	51.5853	-0.114038
NE 	Newcastle upon Tyne 	1162976	510229	44491	33048	0	55.0359	-1.64216
NG 	Nottingham 	1163617	493228	36711	28669	0	53.0054	-1.07257
NN 	Northampton 	653055	272356	24444	16213	0	52.2889	-0.841804
NP 	Newport 	488569	206539	27763	13633	0	51.673	-3.01627
NR 	Norwich 	722618	315784	27836	23235	0	52.646	1.34069
NW 	North West London 	553732	222208	25104	14214	0	51.5547	-0.196788
OL 	Oldham 	462590	188194	17524	13028	0	53.5817	-2.12593
OX 	Oxford 	613492	242551	34166	19413	0	51.7959	-1.29043
PA 	Paisley 	321350	148778	12788	9288	0	56.0713	-4.91337
PE 	Peterborough 	890470	373108	38333	26192	0	52.6275	-0.0447047
PH 	Perth 	165118	73021	7292	6047	0	56.5627	-3.73434
PL 	Plymouth 	543016	232152	22071	17374	0	50.4277	-4.32543
PO 	Portsmouth 	822540	352453	32366	23975	0	50.8019	-1.03529
PR 	Preston 	520366	219388	19575	12915	0	53.7222	-2.75207
RG 	Reading 	778419	314408	45060	22939	0	51.4046	-1.02849
RH 	Redhill 	531923	217143	23688	15943	0	51.1104	-0.208512
RM 	Romford 	517305	205322	14916	9833	0	51.547	0.217283
S 	Sheffield 	1358186	578058	48474	33298	0	53.3941	-1.41235
SA 	Swansea 	730075	315791	29030	23134	0	51.7607	-4.20674
SE 	South East London 	988126	412444	33476	20559	52	51.4669	-0.0359002
SG 	Stevenage 	402479	167182	16563	11766	0	51.9466	-0.159438
SK 	Stockport 	603540	260549	24655	16368	0	53.3715	-2.09802
SL 	Slough 	373407	144554	16470	10732	0	51.5153	-0.642199
SM 	Sutton 	217171	87907	6537	4362	0	51.3628	-0.184626
SN 	Swindon 	458798	191252	21011	14334	0	51.5056	-1.89442
SO 	Southampton 	665472	276330	39581	18210	0	50.9294	-1.39222
SP 	Salisbury 	232282	94658	11127	8489	0	51.1083	-1.77968
SR 	Sunderland 	250843	109612	8548	6550	8	54.8765	-1.38939
SS 	Southend-on-Sea 	518631	216682	17033	11817	0	51.5621	0.600009
ST 	Stoke-on-Trent 	644416	275646	22338	17531	0	52.9779	-2.14621
SW 	South West London 	877183	382790	35938	20422	0	51.4641	-0.167491
SY 	Shrewsbury 	341952	144660	17004	14310	0	52.664	-3.04848
TA 	Taunton 	322408	139414	14461	11587	0	51.0558	-3.06814
TD 	Galashiels 	112644	52111	5179	4458	0	55.614	-2.52554
TF 	Telford 	212536	85637	9046	6888	0	52.7133	-2.46192
TN 	Tonbridge 	681747	286228	32043	22526	0	51.0852	0.441371
TQ 	Torquay 	281112	125365	12992	9930	0	50.4589	-3.61606
TR 	Truro 	294061	127803	15013	11910	0	50.2103	-5.24449
TS 	Cleveland 	602320	256341	22635	17341	0	54.5849	-1.22364
TW 	Twickenham 	491918	193508	19805	11144	0	51.4486	-0.390168
UB 	Southall 	371413	126879	11351	7098	0	51.5278	-0.417388
W 	West London 	531690	236493	39650	19108	0	51.5115	-0.192296
WA 	Warrington 	616482	261804	25269	18069	0	53.3905	-2.59133
WC 	Central London 	35745	15757	7388	2729	0	51.5176	-0.122628
WD 	Watford 	256476	103336	15744	7319	0	51.6587	-0.393803
WF 	Wakefield 	512784	214107	17970	14278	0	53.6855	-1.49719
WN 	Wigan 	309156	131514	9020	7088	0	53.5344	-2.63754
WR 	Worcester 	287838	122730	12258	8586	0	52.1631	-2.16862
WS 	Walsall 	449728	181669	14665	9992	0	52.6491	-1.95757
WV 	Wolverhampton 	396187	162933	14122	10435	59	52.5807	-2.16218
YO 	York 	562761	242140	33790	18357	0	54.0449	-0.887597
ZE 	Lerwick 	23086	9915	742	647	0	60.2216	-1.1984
